-- ============================================================
-- V3__seed_test_data.sql (H2 test variant)
-- Replaces MySQL-specific SHA2() with HASH() for H2 compatibility.
-- ============================================================

-- ============================================================
-- 1. t_user
-- ============================================================
INSERT INTO t_user
    (id, phone, phone_hash, nickname, status, create_time, update_time, deleted)
VALUES
    (100001, '13800000001', '13800000001hash', '小明',    'ACTIVE', '2026-01-01 10:00:00.000', '2026-01-01 10:00:00.000', 0),
    (100002, '13800000002', '13800000002hash', '老王',    'ACTIVE', '2026-01-05 10:00:00.000', '2026-01-05 10:00:00.000', 0),
    (100003, '13800000003', '13800000003hash', '阿强',    'ACTIVE', '2026-01-10 10:00:00.000', '2026-01-10 10:00:00.000', 0),
    (100004, '13800000004', '13800000004hash', '小李',    'ACTIVE', '2026-01-15 10:00:00.000', '2026-01-15 10:00:00.000', 0),
    (100005, '13800000005', '13800000005hash', '测试用户','ACTIVE', '2026-01-20 10:00:00.000', '2026-01-20 10:00:00.000', 0);

-- ============================================================
-- 2. t_income_record
-- ============================================================
INSERT INTO t_income_record
    (id, user_id, income_type, amount, `primary`, verification_status, create_time, update_time, deleted)
VALUES
    (200001, 100001, 'SALARY',    15000.0000, 1, 'UNVERIFIED', '2026-01-01 10:01:00.000', '2026-01-01 10:01:00.000', 0),
    (200002, 100002, 'BUSINESS',  20000.0000, 1, 'UNVERIFIED', '2026-01-05 10:01:00.000', '2026-01-05 10:01:00.000', 0),
    (200003, 100002, 'FREELANCE',  3000.0000, 0, 'UNVERIFIED', '2026-01-05 10:02:00.000', '2026-01-05 10:02:00.000', 0),
    (200004, 100003, 'BUSINESS',  12000.0000, 1, 'UNVERIFIED', '2026-01-10 10:01:00.000', '2026-01-10 10:01:00.000', 0),
    (200005, 100004, 'SALARY',     8000.0000, 1, 'UNVERIFIED', '2026-01-15 10:01:00.000', '2026-01-15 10:01:00.000', 0);

-- ============================================================
-- 3. t_debt
-- ============================================================
INSERT INTO t_debt
    (id, user_id, creditor, debt_type, principal, total_repayment, loan_days,
     overdue_status, overdue_days, source_type, confidence_score, status,
     create_time, update_time, deleted, version)
VALUES
    (300001, 100001, '招商银行信用卡', 'CREDIT_CARD',   30000.0000, 31500.0000, 365, 'NORMAL', 0, 'MANUAL', NULL, 'IN_PROFILE', '2026-01-01 10:05:00.000', '2026-01-01 10:05:00.000', 0, 0),
    (300002, 100001, '花呗',          'CONSUMER_LOAN',  8000.0000,  8800.0000, 180, 'NORMAL', 0, 'MANUAL', NULL, 'IN_PROFILE', '2026-01-01 10:06:00.000', '2026-01-01 10:06:00.000', 0, 0),
    (300003, 100001, '京东白条',       'CONSUMER_LOAN', 12000.0000, 13200.0000, 365, 'NORMAL', 0, 'OCR', 88.50, 'IN_PROFILE', '2026-01-01 10:07:00.000', '2026-01-01 10:07:00.000', 0, 0),
    (300004, 100002, '工商银行经营贷', 'BUSINESS_LOAN', 200000.0000, 240000.0000, 730, 'NORMAL', 0, 'MANUAL', NULL, 'IN_PROFILE', '2026-01-05 10:05:00.000', '2026-01-05 10:05:00.000', 0, 0),
    (300005, 100002, '微众银行',       'CONSUMER_LOAN',  50000.0000,  62000.0000, 365, 'NORMAL', 0, 'OCR', 75.00, 'IN_PROFILE', '2026-01-05 10:06:00.000', '2026-01-05 10:06:00.000', 0, 0),
    (300006, 100002, '平安普惠',       'CONSUMER_LOAN',  30000.0000,  39000.0000, 365, 'OVERDUE_30', 15, 'MANUAL', NULL, 'IN_PROFILE', '2026-01-05 10:07:00.000', '2026-01-05 10:07:00.000', 0, 0),
    (300007, 100003, '某网贷平台A', 'CONSUMER_LOAN',  50000.0000,  72000.0000, 365, 'OVERDUE_60', 45, 'MANUAL', NULL, 'IN_PROFILE', '2026-01-10 10:05:00.000', '2026-01-10 10:05:00.000', 0, 0),
    (300008, 100003, '某网贷平台B', 'CONSUMER_LOAN',  80000.0000, 120000.0000, 365, 'OVERDUE_90_PLUS', 120, 'MANUAL', NULL, 'IN_PROFILE', '2026-01-10 10:06:00.000', '2026-01-10 10:06:00.000', 0, 0),
    (300009, 100003, '信用卡A',      'CREDIT_CARD',   60000.0000,  78000.0000, 365, 'OVERDUE_30', 20, 'MANUAL', NULL, 'IN_PROFILE', '2026-01-10 10:07:00.000', '2026-01-10 10:07:00.000', 0, 0),
    (300010, 100003, '信用卡B',      'CREDIT_CARD',   40000.0000,  52000.0000, 365, 'NORMAL', 0, 'OCR', 62.00, 'IN_PROFILE', '2026-01-10 10:08:00.000', '2026-01-10 10:08:00.000', 0, 0),
    (300011, 100003, '经营贷',       'BUSINESS_LOAN', 150000.0000, 195000.0000, 365, 'NORMAL', 0, 'MANUAL', NULL, 'IN_PROFILE', '2026-01-10 10:09:00.000', '2026-01-10 10:09:00.000', 0, 0),
    (300012, 100003, '亲友借款',      'OTHER',         100000.0000, 100000.0000, 365, 'NORMAL', 0, 'MANUAL', NULL, 'IN_PROFILE', '2026-01-10 10:10:00.000', '2026-01-10 10:10:00.000', 0, 0),
    (300013, 100003, '某分期平台',    'CONSUMER_LOAN',  20000.0000,  28000.0000, 180, 'NORMAL', 0, 'MANUAL', NULL, 'IN_PROFILE', '2026-01-10 10:11:00.000', '2026-01-10 10:11:00.000', 0, 0),
    (300014, 100004, '花呗免息分期', 'CONSUMER_LOAN', 6000.0000, 6000.0000, 90, 'NORMAL', 0, 'MANUAL', NULL, 'IN_PROFILE', '2026-01-15 10:05:00.000', '2026-01-15 10:05:00.000', 0, 0),
    (300015, 100005, '测试机构', 'CONSUMER_LOAN', 10000.0000, 12000.0000, 365, 'NORMAL', 0, 'MANUAL', NULL, 'DRAFT', '2026-01-20 10:05:00.000', '2026-01-20 10:05:00.000', 0, 0);

-- ============================================================
-- 4. t_finance_profile
-- ============================================================
INSERT INTO t_finance_profile
    (id, user_id, total_debt, debt_count, weighted_apr, monthly_payment,
     monthly_income, debt_income_ratio, restructure_score, risk_level,
     overdue_count, highest_apr_debt_id, score_detail_json,
     last_calculated_time, generation_status, generation_retry_count,
     create_time, update_time, deleted, version)
VALUES
    (400001, 100001,  50000.0000, 3,  8.440000, 3700.0000, 15000.0000, 0.246700, 82.00, 'LOW',      0, 300001, '{"liquidityScore":75.0}', '2026-01-01 10:30:00.000', 'COMPLETED', 0, '2026-01-01 10:30:00.000', '2026-01-01 10:30:00.000', 0, 0),
    (400002, 100002, 280000.0000, 3, 16.570000, 12200.0000, 23000.0000, 0.530400, 62.00, 'MEDIUM',   1, 300006, '{"liquidityScore":55.0}', '2026-01-05 10:30:00.000', 'COMPLETED', 0, '2026-01-05 10:30:00.000', '2026-01-05 10:30:00.000', 0, 0),
    (400003, 100003, 500000.0000, 7, 29.000000, 18500.0000, 12000.0000, 1.541700, 22.00, 'CRITICAL', 3, 300008, '{"liquidityScore":20.0}', '2026-01-10 10:30:00.000', 'COMPLETED', 0, '2026-01-10 10:30:00.000', '2026-01-10 10:30:00.000', 0, 0),
    (400004, 100004,   6000.0000, 1,  0.000000,  2000.0000,  8000.0000, 0.250000, 88.00, 'LOW',      0, 300014, '{"liquidityScore":90.0}', '2026-01-15 10:30:00.000', 'COMPLETED', 0, '2026-01-15 10:30:00.000', '2026-01-15 10:30:00.000', 0, 0);
